,Model,mae_test,mae_train,mape_test,mape_train,rms_test,rms_train
0,Regression,0.247560794119803,0.2181746468774196,4.222508735459119,3.8573376135077977,0.10773229088804644,0.0886250999502966
0,RandomForest,0.2453797235766619,0.07896888436921341,4.258118368157888,1.396282267268262,0.10143645396444441,0.012029421900133777
0,KNN,0.26113912591368676,0.22818724342312222,4.4560353366407295,4.060278438608716,0.1189054560804487,0.09277054443875599
0,Nueral Network,19.652198608763218,19.78103399761852,343.13372476050955,353.8926884139566,1226.8284423000684,1223.0008272705547
